difficulty,daysUntilDeadline,daysSinceCreation,status,assigneeCount,assigneeLoad,statusChangesCount,plannedDurationDays,actualCompletionDays,isDelayed
2,16,20,new,0,0,7,36,77,1
4,-5,12,cancelled,1,1,7,7,13,1
3,44,11,done,1,8,1,55,93,1
4,-20,40,review,1,6,7,20,30,1
5,-10,61,in_progress,0,0,4,51,130,1
3,42,10,cancelled,1,9,8,52,80,1
1,-8,15,review,1,12,4,7,9,1
1,-13,37,new,1,8,6,24,37,1
4,-15,31,done,1,9,4,16,20,1
3,35,15,cancelled,1,7,1,50,45,0
5,-12,16,cancelled,1,1,6,4,6,1
2,-13,61,cancelled,0,0,1,48,42,0
5,48,1,cancelled,1,9,3,49,90,1
5,-18,33,in_progress,1,7,3,15,30,1
5,39,6,review,1,11,3,45,97,1
5,37,11,cancelled,1,10,6,48,118,1
5,-15,63,new,1,4,2,48,88,1
5,-10,66,new,0,0,2,56,127,1
1,44,12,review,0,0,4,56,63,1
1,-13,25,cancelled,1,5,3,12,10,0
4,8,46,in_progress,1,9,5,54,143,1
4,30,7,cancelled,1,4,3,37,64,1
2,-4,8,done,1,0,7,4,3,0
2,-15,24,done,1,3,8,9,12,1
5,6,46,done,1,2,3,52,79,1
3,-12,20,in_progress,1,6,0,8,12,1
2,-12,52,new,1,10,7,40,80,1
3,16,27,done,1,11,4,43,79,1
3,10,30,done,0,0,4,40,75,1
4,-13,48,new,0,0,0,35,57,1
2,21,33,cancelled,1,7,3,54,89,1
1,12,22,cancelled,1,4,1,34,18,0
4,18,18,cancelled,1,10,0,36,88,1
3,-7,49,new,0,0,2,42,50,1
1,0,3,done,1,6,8,3,5,1
2,21,36,in_progress,1,10,1,57,68,1
5,20,8,done,1,3,1,28,41,1
1,2,33,in_progress,1,6,4,35,62,1
3,-16,24,review,1,10,8,8,10,1
3,-10,63,cancelled,1,8,4,53,107,1
4,16,43,cancelled,1,9,5,59,143,1
1,9,47,cancelled,1,7,1,56,44,0
1,39,5,in_progress,0,0,1,44,51,1
5,25,30,done,1,9,2,55,90,1
3,-14,22,new,1,3,4,8,13,1
3,8,31,in_progress,1,3,1,39,43,1
4,28,22,cancelled,1,2,7,50,76,1
5,13,23,review,0,0,2,36,87,1
3,-11,54,cancelled,1,1,1,43,46,1
3,27,8,new,1,5,4,35,48,1
2,-2,62,in_progress,1,6,7,60,72,1
2,-4,59,review,0,0,5,55,64,1
1,5,8,done,1,5,8,13,15,1
2,26,1,in_progress,1,1,3,27,20,0
3,38,4,done,1,11,5,42,78,1
3,-7,12,cancelled,1,6,1,5,8,1
4,14,39,review,1,12,0,53,108,1
1,-10,34,cancelled,1,0,1,24,22,0
2,7,14,done,1,2,3,21,12,0
2,17,11,cancelled,1,6,1,28,25,0
1,-17,76,cancelled,0,0,8,59,108,1
2,-5,30,cancelled,1,4,5,25,17,0
1,-18,54,done,1,6,6,36,53,1
1,-18,73,cancelled,1,12,7,55,70,1
5,7,23,in_progress,1,8,7,30,62,1
5,1,57,review,1,3,7,58,54,0
3,28,7,done,1,11,0,35,72,1
5,10,26,done,1,0,0,36,57,1
4,8,27,new,1,9,0,35,50,1
5,6,25,done,1,3,7,31,39,1
3,-8,22,new,0,0,2,14,16,1
1,35,2,review,1,11,1,37,43,1
1,-3,57,done,0,0,5,54,61,1
2,-17,33,new,1,5,4,16,24,1
3,27,4,new,1,7,0,31,49,1
4,37,14,new,1,7,6,51,87,1
4,14,31,done,1,2,6,45,72,1
4,19,13,in_progress,0,0,7,32,75,1
3,10,19,in_progress,1,8,7,29,45,1
2,-7,31,new,1,3,8,24,25,1
1,10,33,new,1,4,0,43,24,0
1,28,19,cancelled,1,11,5,47,43,0
4,-1,13,new,0,0,4,12,15,1
5,-11,26,review,1,10,0,15,32,1
1,-9,45,new,1,5,3,36,37,1
3,20,1,review,1,0,2,21,21,0
4,-5,20,review,1,12,0,15,34,1
1,13,8,review,1,5,8,21,21,0
2,32,9,cancelled,0,0,6,41,69,1
4,-14,21,new,0,0,6,7,16,1
1,37,11,cancelled,1,0,6,48,44,0
2,19,3,cancelled,1,11,3,22,31,1
4,-11,70,done,1,1,8,59,115,1
5,-16,30,in_progress,1,12,6,14,34,1
5,-6,60,done,0,0,2,54,132,1
5,20,12,in_progress,1,11,4,32,79,1
5,-14,38,new,1,11,5,24,30,1
4,7,18,done,1,10,4,25,62,1
4,34,11,review,1,8,3,45,84,1
3,6,19,done,1,0,8,25,18,0
4,-20,59,new,0,0,2,39,82,1
2,13,26,done,1,0,5,39,37,0
5,15,13,done,1,6,4,28,76,1
5,-4,29,new,0,0,7,25,39,1
3,22,14,done,1,1,2,36,39,1
2,16,22,in_progress,1,12,3,38,37,0
1,10,42,review,1,9,6,52,64,1
2,-8,11,new,1,9,4,3,4,1
4,-15,18,in_progress,1,6,4,3,5,1
5,-6,34,cancelled,1,2,7,28,41,1
4,6,19,cancelled,1,0,7,25,37,1
5,-14,18,review,1,7,6,4,9,1
4,1,49,cancelled,1,7,4,50,104,1
2,29,13,cancelled,1,11,7,42,77,1
5,-15,19,in_progress,1,1,4,4,5,1
4,-4,31,done,1,7,0,27,29,1
3,-2,61,new,0,0,1,59,59,0
3,43,5,done,1,4,6,48,57,1
5,14,22,new,1,1,2,36,69,1
5,9,1,cancelled,0,0,6,10,28,1
3,12,20,new,1,12,2,32,72,1
4,-15,29,review,1,11,6,14,24,1
1,26,6,new,1,10,8,32,43,1
3,8,7,in_progress,0,0,7,15,33,1
2,-16,20,done,1,10,0,4,6,1
2,-7,37,new,1,11,5,30,35,1
1,-4,8,cancelled,1,1,2,4,2,0
2,54,2,review,1,9,7,56,57,1
5,-13,46,review,0,0,0,33,61,1
3,49,9,in_progress,1,2,7,58,82,1
4,5,5,in_progress,1,7,3,10,10,0
1,4,19,cancelled,0,0,6,23,21,0
2,32,6,cancelled,1,9,5,38,83,1
1,12,14,done,1,0,7,26,22,0
5,13,14,done,1,10,2,27,54,1
1,26,11,cancelled,1,9,4,37,63,1
1,45,10,review,1,9,6,55,99,1
3,-12,49,in_progress,1,2,1,37,26,0
1,-4,7,review,1,3,6,3,3,0
2,-11,14,done,1,10,4,3,7,1
5,6,29,done,1,3,3,35,52,1
5,39,9,cancelled,0,0,1,48,85,1
1,0,43,new,1,12,5,43,39,0
5,50,1,cancelled,1,8,1,51,69,1
1,-16,27,done,1,11,5,11,14,1
3,-13,58,review,1,8,6,45,49,1
3,16,43,review,1,7,0,59,113,1
1,-2,54,review,1,1,8,52,64,1
5,20,5,in_progress,1,12,5,25,52,1
5,-17,59,done,1,9,6,42,112,1
2,41,11,review,1,8,6,52,55,1
3,-16,24,in_progress,1,5,6,8,10,1
5,-19,41,done,1,0,8,22,24,1
2,-2,36,in_progress,1,9,5,34,46,1
3,41,1,review,0,0,5,42,73,1
5,39,0,in_progress,1,6,4,39,73,1
5,9,1,new,1,3,1,10,14,1
3,27,10,new,0,0,3,37,40,1
5,-8,34,done,1,5,1,26,44,1
4,-3,23,done,1,4,2,20,32,1
3,-1,5,cancelled,1,3,1,4,6,1
1,24,0,cancelled,1,6,8,24,24,0
4,-1,45,new,1,9,7,44,88,1
4,-18,46,in_progress,1,10,6,28,62,1
1,10,20,new,1,0,2,30,27,0
5,-12,15,review,1,11,7,3,5,1
1,0,24,done,1,10,4,24,47,1
1,30,6,done,1,6,7,36,42,1
1,-11,31,done,1,4,8,20,22,1
4,-15,20,cancelled,1,9,6,5,11,1
4,14,2,done,1,3,4,16,29,1
2,-15,19,cancelled,1,8,7,4,3,0
3,-20,23,cancelled,1,8,1,3,4,1
3,7,6,new,1,7,3,13,22,1
3,4,3,cancelled,0,0,2,7,13,1
2,-14,36,done,1,5,4,22,25,1
2,1,13,in_progress,1,9,5,14,19,1
4,-12,48,in_progress,1,9,8,36,80,1
4,25,5,new,1,11,1,30,73,1
1,-10,41,done,1,4,1,31,31,0
1,-3,46,review,1,1,3,43,26,0
5,-8,33,in_progress,1,2,8,25,43,1
2,-20,39,new,1,10,5,19,30,1
4,-19,36,in_progress,1,9,4,17,29,1
2,-13,16,cancelled,1,12,6,3,4,1
2,-20,44,new,1,12,2,24,44,1
1,-6,61,done,1,0,5,55,60,1
2,25,16,new,1,9,6,41,79,1
2,-18,54,in_progress,0,0,2,36,49,1
2,-5,43,review,1,10,0,38,44,1
2,-11,66,in_progress,1,3,1,55,66,1
3,0,15,in_progress,1,4,5,15,14,0
2,8,23,done,1,5,7,31,42,1
4,-1,4,done,1,2,3,3,4,1
2,0,25,review,1,2,8,25,31,1
2,-4,58,cancelled,1,6,2,54,64,1
3,17,4,done,1,2,8,21,19,0
3,48,6,review,0,0,8,54,120,1
4,3,6,done,1,2,6,9,12,1
1,47,11,cancelled,1,0,2,58,58,0
4,19,0,done,1,7,0,19,29,1
3,4,16,cancelled,1,3,4,20,17,0
3,1,8,cancelled,1,6,5,9,11,1
1,-14,24,in_progress,0,0,2,10,11,1
5,29,19,in_progress,1,3,2,48,63,1
4,-15,43,review,0,0,7,28,52,1
3,-6,14,cancelled,1,5,2,8,5,0
3,55,5,in_progress,1,11,4,60,147,1
4,-15,66,in_progress,1,12,6,51,75,1
3,12,37,cancelled,1,5,2,49,32,0
4,18,4,done,1,6,7,22,46,1
2,4,44,done,1,8,3,48,44,0
2,42,7,new,1,1,5,49,54,1
1,-16,22,done,1,3,7,6,4,0
3,3,36,review,1,4,0,39,31,0
4,-8,15,in_progress,1,3,7,7,14,1
3,-10,42,cancelled,1,7,1,32,54,1
3,-3,11,new,1,12,7,8,10,1
1,-8,44,review,1,11,1,36,39,1
4,19,0,review,1,3,4,19,37,1
4,49,6,in_progress,1,5,0,55,66,1
2,14,18,cancelled,1,0,6,32,39,1
2,35,9,review,1,8,8,44,52,1
3,9,10,new,1,5,7,19,30,1
5,51,9,done,1,11,7,60,154,1
2,-7,48,cancelled,1,12,1,41,81,1
1,27,6,review,1,10,8,33,30,0
1,-8,15,new,1,6,2,7,5,0
3,-13,39,done,1,3,2,26,16,0
2,24,10,in_progress,1,5,8,34,40,1
2,6,46,in_progress,1,8,6,52,44,0
1,27,28,cancelled,1,11,1,55,75,1
1,-6,15,new,1,9,7,9,15,1
2,-12,21,done,1,9,1,9,18,1
3,16,9,review,1,1,5,25,26,1
3,44,0,in_progress,1,9,2,44,44,0
3,-15,43,cancelled,1,0,6,28,42,1
1,-8,53,done,1,2,7,45,34,0
1,-11,56,done,1,7,8,45,41,0
3,29,2,review,1,12,2,31,65,1
4,2,21,new,1,6,2,23,37,1
3,37,1,new,1,1,0,38,55,1
5,-8,29,in_progress,1,3,8,21,41,1
5,25,8,review,1,12,4,33,62,1
5,-2,37,in_progress,1,11,2,35,68,1
2,-5,12,in_progress,1,9,4,7,9,1
3,-15,49,cancelled,1,10,4,34,56,1
2,-3,7,review,1,1,4,4,5,1
3,17,15,review,1,8,4,32,67,1
2,-18,21,done,1,5,5,3,4,1
4,27,21,review,1,9,0,48,54,1
5,-4,56,in_progress,1,9,5,52,132,1
5,-10,67,review,0,0,2,57,116,1
4,3,31,cancelled,1,0,8,34,53,1
2,14,15,cancelled,1,8,3,29,25,0
4,6,50,done,1,1,2,56,74,1
3,-5,34,done,1,11,4,29,32,1
1,2,55,in_progress,1,10,7,57,92,1
2,29,26,new,1,1,1,55,47,0
5,6,23,done,0,0,3,29,55,1
5,-16,20,in_progress,1,9,2,4,10,1
3,-12,16,new,1,4,3,4,5,1
1,20,38,cancelled,1,7,0,58,77,1
2,-3,10,new,0,0,0,7,6,0
3,3,41,review,1,8,4,44,48,1
2,56,1,done,1,7,4,57,83,1
1,-12,71,done,0,0,8,59,97,1
3,-6,13,cancelled,1,2,1,7,7,0
1,-13,54,done,1,11,6,41,63,1
4,25,0,done,1,5,2,25,23,0
2,4,32,in_progress,0,0,5,36,60,1
5,4,8,in_progress,1,5,1,12,20,1
4,14,24,done,1,1,7,38,77,1
4,-1,29,done,1,8,0,28,31,1
5,-3,20,new,1,1,0,17,19,1
2,5,17,done,1,6,8,22,34,1
3,30,9,done,0,0,4,39,68,1
3,4,45,review,1,0,7,49,39,0
2,23,10,new,1,3,0,33,37,1
1,22,14,review,1,10,2,36,45,1
1,12,7,review,1,6,3,19,15,0
2,26,23,new,1,3,0,49,50,1
2,-14,61,review,1,6,4,47,58,1
1,-12,28,new,1,2,8,16,22,1
1,-19,41,review,1,8,3,22,26,1
4,-7,24,done,1,12,1,17,38,1
4,-2,16,review,1,3,6,14,19,1
3,-1,24,new,1,11,7,23,43,1
1,-9,32,done,1,4,6,23,14,0
2,38,2,review,0,0,3,40,39,0
5,26,29,done,1,0,5,55,105,1
5,-3,16,review,0,0,5,13,21,1
2,-4,11,done,1,7,4,7,8,1
1,2,49,new,0,0,7,51,70,1
1,17,30,in_progress,1,2,2,47,28,0
2,45,0,done,0,0,6,45,63,1
2,-14,63,done,1,8,7,49,61,1
5,12,35,done,1,1,8,47,79,1
1,-17,30,done,1,10,1,13,22,1
2,-11,39,review,1,1,1,28,22,0
1,0,50,cancelled,0,0,5,50,69,1
4,-7,53,done,1,10,3,46,65,1
1,35,8,in_progress,1,0,7,43,27,0
1,41,9,review,0,0,0,50,52,1
4,28,0,review,0,0,2,28,43,1
2,-1,15,cancelled,1,11,8,14,17,1
5,-9,60,review,1,11,8,51,128,1
2,-20,49,done,0,0,7,29,34,1
3,-11,48,in_progress,1,9,7,37,57,1
4,-19,45,in_progress,1,12,6,26,32,1
2,16,38,cancelled,1,2,0,54,43,0
1,5,20,review,1,12,5,25,34,1
3,-6,43,cancelled,0,0,7,37,41,1
5,26,8,new,1,8,7,34,59,1
3,3,23,new,0,0,2,26,22,0
1,9,15,new,1,9,3,24,27,1
2,0,31,done,1,9,5,31,63,1
2,-18,28,in_progress,1,10,5,10,16,1
5,-5,35,in_progress,1,8,2,30,34,1
4,10,33,cancelled,1,7,5,43,94,1
1,-17,52,review,1,8,8,35,38,1
3,2,43,in_progress,1,1,6,45,49,1
4,-8,41,cancelled,1,11,8,33,89,1
3,-11,18,new,1,11,2,7,13,1
5,-3,29,review,1,2,0,26,48,1
3,-19,29,in_progress,1,1,2,10,7,0
4,-19,75,cancelled,0,0,0,56,123,1
1,-12,36,in_progress,1,8,1,24,30,1
5,-18,40,review,1,12,4,22,27,1
3,30,5,in_progress,1,2,6,35,53,1
4,-12,15,review,1,0,1,3,3,0
5,8,7,in_progress,1,8,5,15,31,1
4,12,31,new,1,4,3,43,47,1
1,-14,57,done,0,0,0,43,56,1
5,9,37,in_progress,1,1,3,46,49,1
5,6,15,done,1,4,6,21,34,1
1,19,22,done,1,10,0,41,31,0
4,-7,31,cancelled,1,8,3,24,31,1
2,5,14,review,1,10,2,19,16,0
3,-6,40,done,0,0,1,34,41,1
2,15,10,cancelled,1,8,2,25,23,0
4,-19,64,cancelled,1,9,6,45,104,1
1,42,16,done,0,0,7,58,49,0
1,4,15,in_progress,1,10,6,19,28,1
3,29,21,in_progress,1,12,5,50,87,1
1,-7,27,done,1,12,3,20,24,1
3,5,53,in_progress,1,1,8,58,88,1
2,26,16,review,0,0,5,42,46,1
5,6,4,done,1,9,0,10,22,1
1,10,10,done,1,4,6,20,24,1
3,4,5,done,1,11,7,9,11,1
2,-14,67,cancelled,1,6,1,53,37,0
2,-3,51,in_progress,1,12,6,48,83,1
5,2,8,cancelled,1,7,8,10,13,1
4,35,25,done,1,5,7,60,53,0
2,-1,4,done,1,9,8,3,6,1
5,-7,46,in_progress,1,2,6,39,75,1
3,14,29,review,1,0,4,43,36,0
1,11,25,cancelled,1,6,7,36,64,1
1,5,15,cancelled,1,4,8,20,12,0
5,-13,72,cancelled,1,7,7,59,101,1
2,-19,40,cancelled,1,10,1,21,19,0
3,6,0,cancelled,1,2,0,6,5,0
2,-13,21,done,1,8,3,8,9,1
3,26,32,new,1,2,4,58,80,1
1,-18,69,in_progress,1,5,0,51,25,0
4,46,1,in_progress,0,0,6,47,123,1
3,11,39,in_progress,1,7,4,50,72,1
1,-4,24,done,1,5,2,20,9,0
4,-13,73,cancelled,1,9,0,60,100,1
4,36,9,done,1,5,7,45,74,1
1,0,8,new,1,10,6,8,11,1
5,11,0,new,1,7,6,11,13,1
4,35,25,done,1,0,7,60,75,1
5,24,16,new,0,0,8,40,92,1
5,13,23,review,0,0,1,36,64,1
4,-12,20,cancelled,1,7,5,8,14,1
4,6,20,done,1,1,1,26,40,1
2,-6,46,cancelled,1,11,3,40,51,1
2,28,26,new,1,6,8,54,96,1
3,-3,28,cancelled,1,0,3,25,33,1
1,-16,30,cancelled,1,4,6,14,14,0
1,10,47,new,0,0,8,57,59,1
3,16,6,done,1,11,8,22,39,1
2,19,37,done,1,2,4,56,73,1
5,20,0,in_progress,1,1,5,20,43,1
5,1,13,done,1,12,8,14,24,1
3,0,42,done,1,1,1,42,50,1
3,1,7,in_progress,1,0,5,8,14,1
3,-15,51,in_progress,1,0,4,36,60,1
4,-1,56,new,1,7,6,55,128,1
5,31,13,new,1,0,0,44,50,1
3,20,2,new,1,4,5,22,29,1
2,-14,25,cancelled,1,0,8,11,13,1
4,1,8,new,1,9,6,9,17,1
3,-3,31,in_progress,1,7,6,28,53,1
1,-17,66,in_progress,1,7,7,49,69,1
3,27,32,cancelled,1,2,0,59,78,1
4,6,6,done,1,9,7,12,23,1
3,3,26,done,1,3,1,29,41,1
3,6,8,review,1,6,8,14,28,1
4,-9,12,done,1,6,8,3,6,1
1,-3,13,cancelled,1,6,5,10,14,1
2,11,28,cancelled,1,8,2,39,52,1
4,7,30,new,1,12,7,37,76,1
2,-17,44,review,1,5,4,27,19,0
2,-13,47,new,1,6,8,34,60,1
4,-20,25,cancelled,1,8,1,5,8,1
1,-9,44,done,0,0,0,35,43,1
5,-14,45,new,1,2,2,31,29,0
1,5,20,cancelled,1,0,5,25,30,1
5,-5,37,done,1,9,3,32,49,1
3,-16,62,review,1,2,0,46,58,1
5,-17,58,done,1,4,6,41,49,1
1,8,31,new,1,2,6,39,52,1
5,-18,52,cancelled,1,1,7,34,58,1
3,-14,22,done,0,0,0,8,16,1
1,5,20,done,1,1,2,25,19,0
4,3,26,done,1,3,3,29,28,0
2,17,3,done,1,4,1,20,19,0
4,-19,67,new,1,10,8,48,103,1
5,23,18,done,0,0,0,41,96,1
1,37,23,done,1,7,7,60,64,1
2,-8,68,cancelled,0,0,6,60,61,1
1,0,5,done,1,9,3,5,5,0
1,10,8,in_progress,1,11,7,18,30,1
4,8,4,review,1,12,5,12,15,1
1,0,32,review,1,12,3,32,41,1
2,-20,46,review,1,12,0,26,40,1
1,-19,46,cancelled,1,7,6,27,28,1
3,-3,42,review,1,9,3,39,80,1
1,26,27,done,0,0,1,53,79,1
2,3,29,review,0,0,8,32,57,1
5,17,1,review,1,9,4,18,39,1
1,7,45,new,0,0,0,52,79,1
4,11,14,new,1,11,7,25,43,1
5,-17,24,cancelled,1,12,5,7,14,1
5,8,17,done,1,3,5,25,49,1
2,55,3,in_progress,1,4,2,58,66,1
4,11,21,new,1,8,0,32,37,1
1,-3,15,done,1,12,3,12,15,1
4,-17,45,in_progress,1,5,8,28,57,1
1,13,43,in_progress,0,0,2,56,73,1
3,-2,17,cancelled,1,12,7,15,21,1
5,23,14,done,1,7,4,37,85,1
5,-17,34,done,1,2,0,17,21,1
3,-12,33,cancelled,0,0,3,21,35,1
2,16,21,done,1,11,1,37,60,1
3,5,3,new,1,11,7,8,14,1
1,13,30,cancelled,1,1,1,43,31,0
3,2,43,in_progress,1,8,2,45,51,1
1,11,26,done,1,3,1,37,34,0
4,-16,51,done,0,0,8,35,53,1
3,11,26,review,1,9,4,37,48,1
4,-5,34,review,1,3,2,29,21,0
4,5,17,new,1,11,8,22,58,1
2,-1,37,in_progress,1,10,4,36,82,1
2,13,15,in_progress,1,5,2,28,20,0
1,52,8,in_progress,1,2,2,60,53,0
4,-1,5,new,0,0,0,4,9,1
2,20,38,review,1,7,4,58,52,0
3,2,2,review,1,0,4,4,6,1
5,-9,66,in_progress,1,5,6,57,75,1
3,48,7,in_progress,1,2,4,55,62,1
4,19,36,new,0,0,7,55,100,1
5,2,5,in_progress,1,8,7,7,16,1
2,10,16,done,1,2,5,26,17,0
2,18,29,review,1,3,8,47,58,1
3,31,27,review,1,3,8,58,80,1
1,2,11,cancelled,1,1,3,13,8,0
4,-12,50,new,1,5,4,38,43,1
3,-14,42,new,1,5,1,28,30,1
3,-12,57,review,1,12,1,45,87,1
5,0,17,review,0,0,6,17,36,1
1,-15,36,review,1,2,3,21,21,0
4,-20,29,cancelled,1,0,8,9,14,1
2,-12,16,review,1,12,4,4,4,0
2,14,2,new,1,10,0,16,29,1
5,3,35,new,1,12,6,38,111,1
1,-3,8,review,0,0,1,5,8,1
5,11,35,review,1,2,7,46,71,1
3,30,1,review,1,2,5,31,42,1
5,-13,55,cancelled,1,8,0,42,44,1
2,-9,68,review,1,12,0,59,96,1
4,14,13,in_progress,1,10,2,27,39,1
3,-2,22,in_progress,1,4,6,20,17,0
2,38,3,review,1,0,5,41,46,1
2,4,55,cancelled,0,0,5,59,55,0
4,-18,58,in_progress,1,12,8,40,60,1
2,16,23,done,0,0,0,39,66,1
2,7,3,cancelled,1,5,6,10,7,0
1,3,9,cancelled,1,7,0,12,8,0
2,-7,67,review,1,1,7,60,46,0
2,12,38,cancelled,1,6,4,50,62,1
3,-3,50,new,0,0,7,47,66,1
4,0,8,cancelled,1,1,8,8,12,1
4,18,5,in_progress,1,4,0,23,36,1
2,2,40,done,1,11,8,42,48,1
3,20,34,done,1,11,5,54,116,1
2,-7,22,in_progress,0,0,5,15,25,1
2,-12,44,new,1,1,5,32,29,0
5,-1,9,review,1,8,7,8,14,1
3,4,1,review,0,0,2,5,8,1
1,-18,34,in_progress,0,0,8,16,16,0
2,3,11,review,1,7,2,14,17,1
5,-15,48,new,1,11,6,33,97,1
2,-17,33,in_progress,1,6,4,16,14,0
2,-16,24,done,1,7,0,8,9,1
5,1,8,review,1,9,5,9,25,1
5,-6,17,in_progress,1,6,2,11,26,1
4,-12,43,done,1,9,1,31,38,1
2,-2,17,in_progress,1,6,2,15,24,1
5,-4,8,review,1,4,7,4,4,0
1,-19,41,in_progress,1,9,4,22,44,1
5,8,19,new,1,8,2,27,51,1
1,-18,68,cancelled,0,0,7,50,83,1
4,35,1,cancelled,1,9,5,36,88,1
1,15,35,cancelled,1,1,5,50,56,1
4,24,24,new,1,9,6,48,74,1
4,-4,57,in_progress,1,5,5,53,51,0
4,20,9,cancelled,1,1,5,29,41,1
5,-8,41,in_progress,1,4,1,33,48,1
5,6,40,in_progress,0,0,7,46,107,1
4,23,0,review,1,2,5,23,19,0
1,24,21,review,1,2,1,45,26,0
4,6,2,done,1,3,5,8,7,0
5,-14,56,in_progress,1,1,8,42,59,1
1,24,35,in_progress,1,1,0,59,60,1
2,-17,33,done,1,11,2,16,18,1
3,-7,19,done,1,12,2,12,15,1
3,-1,44,done,0,0,6,43,56,1
2,-15,64,review,1,12,3,49,47,0
2,-2,38,review,1,0,3,36,35,0
5,32,15,cancelled,1,4,4,47,82,1
2,0,48,done,1,4,6,48,72,1
3,6,28,review,0,0,0,34,63,1
4,2,51,cancelled,1,4,4,53,98,1
5,10,21,new,1,2,7,31,28,0
3,11,35,in_progress,1,4,4,46,83,1
1,13,15,cancelled,1,7,1,28,40,1
1,4,15,review,1,9,8,19,34,1
3,37,19,in_progress,1,4,2,56,71,1
1,31,14,in_progress,1,6,1,45,57,1
4,-14,47,review,1,7,4,33,73,1
4,-11,24,review,0,0,1,13,13,0
2,22,15,done,1,3,1,37,33,0
2,48,12,in_progress,1,9,7,60,63,1
3,8,16,new,1,4,2,24,25,1
1,11,21,review,1,3,0,32,19,0
3,-9,16,new,1,9,4,7,12,1
1,4,54,new,0,0,8,58,96,1
5,8,9,cancelled,0,0,2,17,42,1
1,21,32,new,1,8,0,53,67,1
1,13,25,in_progress,1,9,3,38,37,0
1,-10,51,cancelled,1,11,1,41,61,1
1,31,11,done,1,6,3,42,40,0
4,-12,18,done,1,4,7,6,11,1
5,-9,45,in_progress,0,0,8,36,97,1
3,12,32,done,1,3,8,44,54,1
5,-12,38,in_progress,1,4,0,26,39,1
1,-10,13,in_progress,1,10,8,3,6,1
4,0,3,new,1,10,4,3,7,1
4,-3,28,done,1,8,8,25,31,1
4,9,38,new,1,12,8,47,84,1
5,22,5,cancelled,0,0,1,27,28,1
4,12,38,review,1,3,3,50,65,1
3,2,44,done,1,5,0,46,39,0
4,-4,10,done,0,0,0,6,9,1
4,11,37,in_progress,1,5,8,48,60,1
4,-1,33,done,1,11,4,32,65,1
3,-3,40,cancelled,1,8,3,37,60,1
4,6,50,cancelled,1,10,0,56,112,1
4,-3,55,review,1,8,2,52,104,1
2,-6,17,cancelled,1,5,8,11,9,0
1,5,7,in_progress,1,10,3,12,12,0
5,-8,32,new,1,6,8,24,62,1
1,22,32,in_progress,1,8,4,54,75,1
1,-15,60,review,1,5,6,45,25,0
5,4,22,cancelled,1,1,5,26,50,1
3,36,3,new,1,5,8,39,55,1
4,-16,46,done,1,9,8,30,46,1
2,-3,23,done,1,10,6,20,44,1
5,8,41,cancelled,0,0,2,49,83,1
1,-1,6,done,1,7,6,5,8,1
3,-7,12,review,1,7,2,5,7,1
1,5,21,in_progress,1,0,2,26,25,0
2,-5,10,new,1,2,3,5,4,0
2,31,6,review,1,12,7,37,55,1
2,14,11,done,1,0,7,25,34,1
3,-11,35,review,1,7,7,24,52,1
5,28,1,done,1,3,5,29,31,1
2,-7,18,new,1,8,4,11,21,1
1,36,11,cancelled,0,0,2,47,39,0
4,-19,76,in_progress,1,4,4,57,53,0
5,-14,50,new,1,2,8,36,38,1
5,38,2,done,1,12,7,40,71,1
2,-7,27,new,0,0,4,20,19,0
1,36,21,new,1,9,1,57,79,1
4,2,7,in_progress,1,1,5,9,16,1
2,35,12,review,1,4,8,47,54,1
4,14,43,cancelled,1,11,2,57,68,1
3,19,3,done,0,0,7,22,49,1
2,11,13,new,1,11,0,24,34,1
4,-14,61,review,1,0,4,47,73,1
2,-19,41,cancelled,1,3,4,22,16,0
3,-5,61,cancelled,1,6,4,56,113,1
2,21,10,new,1,5,1,31,26,0
5,17,27,in_progress,0,0,5,44,102,1
4,1,6,review,1,9,7,7,18,1
1,22,2,review,1,10,1,24,32,1
3,7,18,in_progress,1,5,5,25,45,1
2,-9,15,new,1,8,4,6,8,1
4,-4,56,review,0,0,2,52,118,1
2,-14,17,in_progress,0,0,3,3,4,1
4,-18,37,in_progress,1,8,0,19,23,1
4,27,26,cancelled,1,1,6,53,48,0
1,-6,22,new,1,8,7,16,28,1
2,47,8,review,0,0,0,55,69,1
2,-17,27,new,1,6,4,10,15,1
3,29,27,cancelled,1,10,8,56,110,1
1,4,14,in_progress,1,10,8,18,20,1
4,16,42,done,1,0,2,58,94,1
4,12,40,done,1,5,2,52,46,0
1,27,7,in_progress,1,6,6,34,27,0
2,25,30,in_progress,1,1,1,55,46,0
4,-13,39,done,1,9,0,26,27,1
2,40,5,new,1,4,1,45,28,0
3,10,28,in_progress,0,0,8,38,40,1
3,-4,10,cancelled,1,8,2,6,10,1
4,10,50,done,1,7,8,60,98,1
3,-1,45,review,1,1,1,44,44,0
1,6,42,new,1,9,1,48,40,0
3,-18,55,done,1,0,8,37,29,0
3,5,27,new,1,0,1,32,31,0
3,-4,13,done,1,1,8,9,11,1
1,-4,29,review,0,0,7,25,36,1
5,14,33,cancelled,1,8,1,47,93,1
5,-3,14,in_progress,0,0,1,11,24,1
5,9,32,review,1,5,3,41,56,1
4,8,12,new,0,0,5,20,36,1
2,-4,34,in_progress,1,7,6,30,55,1
4,10,5,in_progress,1,5,7,15,25,1
5,-17,31,review,1,1,8,14,28,1
5,21,18,in_progress,1,12,6,39,73,1
3,-13,53,done,1,4,3,40,33,0
2,-18,23,done,1,3,1,5,5,0
5,20,11,in_progress,1,10,8,31,91,1
3,47,7,in_progress,1,8,3,54,91,1
2,7,4,in_progress,1,10,4,11,11,0
1,48,7,cancelled,1,7,1,55,58,1
1,-12,38,new,1,8,5,26,45,1
2,8,2,review,1,1,2,10,9,0
5,16,7,review,1,3,2,23,25,1
5,3,40,review,1,3,0,43,49,1
5,-10,52,in_progress,1,8,5,42,82,1
1,1,25,review,1,12,7,26,47,1
1,4,1,cancelled,1,1,8,5,4,0
1,18,8,done,1,4,0,26,16,0
2,1,46,new,1,12,7,47,57,1
5,-11,71,in_progress,1,4,8,60,116,1
5,-14,28,new,1,6,7,14,26,1
3,4,29,review,1,5,2,33,21,0
5,34,2,review,1,6,5,36,42,1
4,12,5,cancelled,1,3,4,17,33,1
3,-4,13,review,1,1,5,9,11,1
1,16,40,in_progress,1,0,5,56,60,1
1,40,19,in_progress,1,0,8,59,62,1
3,-9,22,done,1,12,8,13,33,1
2,12,17,in_progress,1,2,8,29,32,1
4,-7,13,in_progress,1,8,6,6,15,1
2,-5,54,new,1,3,6,49,62,1
1,-13,18,review,1,8,7,5,6,1
1,-4,50,done,1,8,0,46,42,0
3,-11,14,cancelled,1,1,1,3,2,0
3,15,7,cancelled,1,2,3,22,32,1
1,1,21,cancelled,1,8,8,22,31,1
5,26,14,in_progress,1,8,7,40,57,1
1,-10,24,review,1,0,6,14,14,0
4,40,15,in_progress,1,7,6,55,88,1
2,-2,55,done,1,12,6,53,78,1
4,6,6,new,1,3,4,12,17,1
4,12,48,review,1,0,3,60,49,0
4,-12,56,cancelled,1,11,2,44,81,1
1,25,1,in_progress,0,0,5,26,44,1
5,-10,18,cancelled,1,0,2,8,13,1
1,-7,28,new,1,10,2,21,23,1
3,-17,30,in_progress,1,5,8,13,13,0
2,-12,24,done,1,7,7,12,11,0
5,4,5,done,1,7,5,9,14,1
4,10,35,review,1,4,1,45,36,0
2,2,32,cancelled,1,2,7,34,26,0
3,-14,17,new,0,0,2,3,3,0
3,8,0,cancelled,1,4,3,8,11,1
1,-9,34,review,0,0,6,25,31,1
3,57,0,cancelled,0,0,0,57,109,1
4,-9,55,new,1,1,1,46,61,1
5,-20,26,review,1,1,4,6,12,1
1,-6,44,cancelled,1,4,8,38,51,1
5,44,0,cancelled,1,0,6,44,63,1
5,-1,38,cancelled,1,7,2,37,86,1
4,-7,47,in_progress,1,9,1,40,42,1
1,-17,35,cancelled,0,0,8,18,16,0
2,-10,21,done,1,5,1,11,11,0
4,1,28,review,1,2,7,29,37,1
5,32,13,in_progress,1,10,6,45,64,1
2,8,7,in_progress,1,9,8,15,31,1
2,4,1,done,1,12,7,5,9,1
2,-19,79,review,1,8,2,60,92,1
4,-3,12,review,1,8,6,9,20,1
1,-6,23,done,1,7,2,17,25,1
5,21,8,done,1,1,5,29,45,1
1,-16,28,cancelled,0,0,7,12,12,0
1,24,8,done,1,10,8,32,34,1
4,35,1,new,1,8,8,36,54,1
5,-15,23,done,0,0,4,8,20,1
3,-16,67,in_progress,1,8,3,51,44,0
2,46,5,cancelled,1,3,7,51,38,0
3,10,44,done,1,1,0,54,65,1
2,10,49,review,1,7,4,59,118,1
4,32,8,review,0,0,2,40,39,0
5,8,6,done,1,7,4,14,33,1
1,17,40,new,1,7,5,57,81,1
5,41,1,done,1,6,6,42,91,1
2,39,11,new,0,0,3,50,86,1
1,34,17,new,1,2,1,51,46,0
1,22,13,cancelled,1,9,6,35,43,1
1,-16,22,in_progress,1,11,7,6,10,1
2,-2,34,new,1,2,7,32,28,0
5,-3,34,cancelled,1,3,4,31,63,1
4,13,14,done,1,6,8,27,61,1
3,2,41,cancelled,1,8,3,43,44,1
1,20,31,cancelled,1,10,2,51,82,1
4,4,0,done,0,0,2,4,7,1
2,34,23,done,1,2,7,57,86,1
4,-14,52,cancelled,0,0,2,38,60,1
4,-18,40,review,1,3,2,22,36,1
1,42,18,done,0,0,5,60,100,1
5,-12,17,in_progress,1,3,6,5,11,1
4,-16,23,new,1,2,1,7,8,1
5,40,4,done,0,0,5,44,95,1
1,7,38,cancelled,1,2,6,45,60,1
2,18,26,review,1,1,2,44,23,0
2,-20,27,done,1,7,3,7,6,0
4,11,26,done,0,0,7,37,69,1
3,-11,67,cancelled,1,11,3,56,85,1
3,46,2,done,0,0,3,48,91,1
5,-11,36,done,1,11,8,25,70,1
3,16,5,in_progress,1,9,4,21,33,1
3,-15,27,done,1,5,1,12,15,1
1,-16,28,new,1,6,7,12,17,1
1,-3,23,in_progress,1,5,2,20,10,0
1,13,23,cancelled,0,0,4,36,66,1
3,43,9,review,1,1,7,52,84,1
4,52,7,cancelled,1,5,4,59,92,1
1,-3,63,done,1,12,6,60,125,1
1,-12,55,review,1,2,1,43,36,0
3,-9,18,in_progress,1,2,4,9,12,1
5,-4,7,cancelled,1,10,2,3,7,1
3,12,31,in_progress,1,1,6,43,75,1
4,23,30,in_progress,1,6,2,53,84,1
4,-6,48,cancelled,1,12,8,42,77,1
2,1,9,new,1,1,3,10,13,1
3,-10,13,cancelled,1,2,0,3,4,1
1,13,36,review,0,0,2,49,36,0
3,18,4,new,1,2,8,22,28,1
2,0,20,review,1,10,4,20,21,1
1,-17,30,review,0,0,5,13,10,0
5,4,3,review,1,3,6,7,14,1
5,7,7,cancelled,1,9,2,14,15,1
4,-1,5,in_progress,1,8,7,4,6,1
4,4,1,in_progress,1,6,6,5,9,1
4,10,21,done,1,10,7,31,47,1
3,4,10,cancelled,1,10,3,14,26,1
5,47,7,cancelled,1,6,6,54,128,1
3,-16,58,new,0,0,0,42,80,1
5,-11,28,in_progress,1,6,4,17,37,1
2,6,4,in_progress,1,8,3,10,8,0
3,-1,23,done,1,8,1,22,23,1
3,3,41,cancelled,1,0,3,44,29,0
2,-5,60,review,1,2,3,55,39,0
1,22,25,done,1,10,3,47,61,1
3,5,35,done,1,6,1,40,35,0
3,3,37,new,1,5,3,40,45,1
3,-11,43,review,1,10,1,32,55,1
4,-3,19,in_progress,1,0,0,16,27,1
5,-4,60,new,1,5,0,56,81,1
1,13,8,new,0,0,0,21,14,0
1,-3,37,review,1,6,7,34,48,1
2,27,0,done,1,7,4,27,40,1
4,14,18,review,1,4,4,32,44,1
2,15,0,new,1,7,3,15,15,0
4,-20,78,cancelled,1,11,7,58,140,1
1,8,3,in_progress,1,4,7,11,14,1
1,-16,65,new,1,10,4,49,70,1
1,5,33,new,0,0,5,38,62,1
4,13,16,review,1,2,2,29,31,1
3,-5,53,done,1,9,3,48,46,0
1,1,47,new,1,3,5,48,63,1
2,37,22,cancelled,1,4,6,59,65,1
4,-19,63,in_progress,0,0,1,44,96,1
5,45,5,new,1,10,0,50,66,1
1,26,9,cancelled,1,12,3,35,54,1
3,26,20,review,1,7,2,46,86,1
5,1,40,done,0,0,4,41,95,1
5,-16,33,new,1,8,4,17,25,1
3,-19,72,new,1,12,3,53,59,1
1,30,25,cancelled,1,6,0,55,34,0
3,32,21,review,1,0,4,53,94,1
1,24,10,done,1,1,5,34,26,0
5,12,48,done,1,8,3,60,67,1
1,-6,55,new,1,1,1,49,33,0
1,27,5,new,1,8,7,32,26,0
5,17,39,review,1,1,4,56,111,1
4,11,39,done,1,8,4,50,63,1
2,-7,26,in_progress,1,10,5,19,43,1
5,6,14,review,1,4,8,20,23,1
1,-2,26,new,0,0,1,24,26,1
5,-13,42,in_progress,1,5,0,29,48,1
1,24,0,in_progress,1,7,5,24,40,1
4,9,42,done,1,11,1,51,68,1
2,2,7,new,1,5,5,9,9,0
4,12,37,done,1,5,7,49,86,1
3,-5,31,new,1,5,6,26,22,0
5,32,26,in_progress,0,0,3,58,133,1
5,48,11,done,1,1,1,59,46,0
3,0,5,review,1,9,4,5,9,1
5,-4,37,in_progress,1,11,4,33,49,1
1,24,29,review,1,10,0,53,64,1
2,-1,28,done,1,5,7,27,32,1
3,5,17,review,0,0,1,22,30,1
5,-2,18,new,1,1,7,16,17,1
2,12,15,cancelled,1,1,4,27,41,1
1,10,10,cancelled,0,0,8,20,36,1
2,-19,55,cancelled,1,2,0,36,22,0
2,5,32,new,1,9,0,37,63,1
3,8,9,in_progress,1,4,1,17,25,1
1,42,14,done,1,4,1,56,47,0
1,4,7,new,0,0,5,11,16,1
4,-6,27,review,1,5,3,21,22,1
1,13,20,review,1,3,2,33,15,0
5,10,31,cancelled,0,0,6,41,78,1
4,4,41,in_progress,1,8,3,45,88,1
4,4,8,review,0,0,1,12,17,1
3,0,60,in_progress,1,3,5,60,106,1
1,4,46,review,1,6,3,50,71,1
2,-3,36,review,1,6,0,33,38,1
5,-3,39,done,1,12,2,36,90,1
1,38,5,cancelled,1,3,1,43,27,0
2,-8,40,cancelled,1,1,4,32,45,1
2,51,9,new,0,0,4,60,74,1
2,-10,18,in_progress,1,5,0,8,5,0
1,-10,55,review,1,12,5,45,81,1
4,2,42,review,1,5,6,44,65,1
3,-10,24,new,1,12,2,14,27,1
5,32,10,cancelled,1,7,6,42,86,1
1,5,18,new,1,12,1,23,20,0
1,-9,33,done,1,11,2,24,27,1
2,31,4,in_progress,1,12,6,35,50,1
5,-9,46,in_progress,0,0,7,37,62,1
1,16,14,review,1,9,2,30,30,0
1,-2,25,cancelled,1,6,3,23,18,0
1,-18,72,cancelled,1,8,2,54,36,0
2,-5,10,done,1,11,1,5,7,1
5,-17,69,in_progress,1,1,7,52,66,1
4,-10,46,review,1,1,8,36,65,1
5,-13,69,new,1,8,0,56,79,1
5,2,5,in_progress,1,10,0,7,15,1
2,-16,22,done,1,8,1,6,5,0
2,-19,60,in_progress,1,4,5,41,46,1
2,-1,42,cancelled,1,12,3,41,38,0
1,34,18,done,1,6,2,52,62,1
5,6,9,new,1,9,1,15,19,1
4,5,30,review,1,12,6,35,94,1
2,27,3,done,1,4,6,30,24,0
4,10,20,cancelled,1,3,5,30,27,0
2,7,4,done,1,6,3,11,15,1
5,1,44,review,1,9,7,45,124,1
5,24,15,in_progress,1,12,5,39,54,1
1,25,14,in_progress,1,2,1,39,38,0
4,-5,16,new,1,12,7,11,27,1
2,-1,22,review,1,6,0,21,32,1
5,20,2,new,1,7,0,22,24,1
4,-14,34,new,1,2,3,20,28,1
3,-19,70,done,0,0,6,51,51,0
2,10,9,review,1,9,4,19,21,1
3,-11,49,new,1,2,3,38,47,1
3,57,3,done,1,10,2,60,133,1
1,42,0,cancelled,1,1,7,42,47,1
2,13,15,new,0,0,7,28,52,1
5,-7,24,review,1,0,1,17,19,1
2,15,23,review,1,9,7,38,45,1
1,-5,38,done,1,1,2,33,26,0
2,21,28,in_progress,1,5,1,49,35,0
4,6,30,done,1,6,7,36,66,1
5,-8,28,new,1,7,0,20,35,1
2,3,51,done,1,7,2,54,78,1
2,8,23,review,1,3,3,31,37,1
5,12,1,review,1,4,3,13,14,1
3,2,1,review,1,4,8,3,3,0
5,4,13,done,1,6,6,17,23,1
1,7,5,cancelled,1,9,0,12,13,1
5,34,0,in_progress,1,0,5,34,43,1
3,5,39,review,1,9,5,44,110,1
1,-11,26,review,1,8,6,15,26,1
2,25,8,review,1,2,1,33,18,0
1,36,2,done,1,9,7,38,54,1
4,-8,31,review,1,4,3,23,37,1
4,20,36,in_progress,1,2,6,56,84,1
2,14,2,cancelled,0,0,4,16,32,1
1,-12,21,done,1,3,8,9,8,0
4,-8,11,review,1,2,8,3,6,1
3,-16,61,review,0,0,5,45,106,1
5,-16,28,review,1,10,3,12,22,1
3,2,12,new,1,12,7,14,23,1
1,-11,29,in_progress,1,1,5,18,18,0
5,12,19,in_progress,1,5,3,31,24,0
5,34,8,in_progress,1,6,4,42,60,1
4,-17,24,cancelled,1,0,8,7,12,1
4,-20,57,new,1,0,1,37,31,0
4,4,27,done,0,0,3,31,64,1
3,9,14,done,1,9,5,23,48,1
2,15,44,new,1,1,1,59,69,1
3,-3,63,review,1,2,6,60,98,1
2,16,4,done,1,2,4,20,14,0
4,-13,38,new,1,3,3,25,34,1
2,-3,7,cancelled,0,0,1,4,5,1
5,25,12,review,1,5,4,37,56,1
2,8,4,in_progress,1,6,4,12,15,1
3,2,49,done,1,3,5,51,89,1
5,12,27,cancelled,1,0,3,39,38,0
4,-5,38,in_progress,1,9,3,33,60,1
5,-12,37,cancelled,1,10,0,25,44,1
3,4,19,cancelled,1,3,6,23,40,1
2,3,11,cancelled,1,8,8,14,14,0
2,-1,28,new,1,0,2,27,32,1
1,36,5,in_progress,0,0,6,41,39,0
5,-13,18,new,1,2,4,5,9,1
4,-9,15,cancelled,1,10,1,6,7,1
4,-14,19,in_progress,1,0,2,5,7,1
5,0,11,review,1,7,7,11,19,1
4,32,21,review,0,0,8,53,102,1
3,14,15,new,1,3,1,29,32,1
5,22,21,done,0,0,8,43,110,1
3,-16,25,in_progress,0,0,6,9,10,1
2,-1,60,review,1,2,6,59,38,0
4,14,8,done,1,10,0,22,49,1
1,-11,61,cancelled,1,11,2,50,49,0
5,-7,10,new,1,2,4,3,4,1
1,12,4,new,1,7,2,16,13,0
3,-1,32,in_progress,1,10,7,31,71,1
2,-9,37,in_progress,1,10,8,28,34,1
3,-3,61,review,1,7,7,58,97,1
3,5,5,cancelled,1,6,5,10,12,1
5,17,5,done,0,0,6,22,33,1
5,-1,43,in_progress,1,10,3,42,113,1
5,-20,56,new,1,0,5,36,35,0
3,3,2,cancelled,1,7,3,5,6,1
1,9,38,review,1,1,7,47,61,1
1,18,12,in_progress,1,1,8,30,18,0
4,-12,22,cancelled,1,1,2,10,8,0
1,22,7,review,1,12,1,29,37,1
5,44,11,cancelled,1,3,2,55,58,1
4,-19,25,in_progress,1,8,7,6,8,1
4,-10,33,cancelled,1,4,1,23,35,1
3,-14,33,review,1,3,0,19,27,1
2,10,3,review,1,2,1,13,16,1
5,5,40,done,1,4,1,45,38,0
1,4,37,in_progress,1,12,4,41,74,1
5,-8,18,in_progress,1,8,8,10,15,1
1,-9,66,review,0,0,8,57,100,1
3,-13,24,done,1,12,6,11,24,1
5,21,22,done,1,12,5,43,101,1
2,28,2,review,0,0,1,30,44,1
3,9,20,in_progress,1,7,8,29,56,1
1,1,43,cancelled,1,2,0,44,38,0
5,5,29,new,1,11,0,34,77,1
3,35,16,cancelled,1,6,6,51,55,1
2,-1,5,review,1,1,8,4,6,1
4,-11,45,done,1,5,5,34,65,1
2,-18,74,review,1,1,3,56,55,0
1,6,19,in_progress,0,0,2,25,24,0
3,-10,15,new,1,5,3,5,6,1
4,-10,47,review,1,9,6,37,64,1
5,36,11,done,0,0,1,47,48,1
5,-15,75,done,1,6,7,60,153,1
5,53,2,review,1,2,0,55,89,1
4,15,37,done,1,12,7,52,98,1
2,-15,58,new,1,10,7,43,49,1
5,-8,64,in_progress,1,6,3,56,110,1
4,-10,17,done,1,12,2,7,16,1
2,-20,38,new,1,2,6,18,12,0
3,19,20,review,0,0,8,39,79,1
1,-4,50,new,1,10,7,46,72,1
2,17,40,review,1,10,1,57,95,1
3,35,14,review,1,10,6,49,55,1
2,30,20,review,0,0,6,50,76,1
1,-17,72,new,1,11,5,55,60,1
4,23,22,in_progress,1,11,0,45,97,1
4,16,21,review,1,8,7,37,91,1
4,35,14,cancelled,0,0,5,49,105,1
5,-4,37,cancelled,0,0,5,33,69,1
4,28,0,review,1,5,3,28,28,0
2,-6,18,done,1,6,7,12,24,1
3,40,1,cancelled,1,4,6,41,41,0
4,39,19,review,1,7,6,58,71,1
2,41,5,cancelled,1,8,3,46,60,1
2,0,20,done,1,11,3,20,35,1
1,18,21,done,1,0,2,39,21,0
2,-2,9,done,0,0,1,7,7,0
3,33,15,cancelled,1,10,2,48,68,1
1,-7,27,cancelled,1,3,6,20,23,1
3,6,21,in_progress,1,7,0,27,32,1
2,30,21,cancelled,1,6,6,51,93,1
4,35,25,review,1,12,8,60,78,1
1,36,24,review,1,6,8,60,99,1
4,-6,27,review,1,6,3,21,39,1
4,-17,49,in_progress,1,4,5,32,53,1
2,5,45,done,1,4,8,50,78,1
3,5,29,new,0,0,0,34,56,1
5,-8,13,in_progress,1,6,4,5,12,1
3,4,22,in_progress,1,12,6,26,55,1
4,-9,18,new,1,9,2,9,22,1
3,0,12,in_progress,1,10,2,12,25,1
2,-20,56,in_progress,0,0,4,36,32,0
4,2,5,in_progress,1,6,6,7,14,1
1,28,7,cancelled,1,12,4,35,62,1
4,-4,26,review,1,5,6,22,18,0
5,-13,72,done,1,3,2,59,88,1
5,29,15,cancelled,1,1,1,44,36,0
4,-12,37,done,1,7,6,25,49,1
1,-17,51,done,1,4,5,34,19,0
2,9,12,cancelled,1,7,8,21,37,1
3,-16,70,new,1,11,7,54,101,1
2,-5,21,in_progress,1,9,6,16,17,1
5,-11,49,new,1,4,8,38,45,1
2,-14,21,done,1,5,0,7,4,0
2,-4,12,done,1,12,1,8,10,1
3,9,2,review,0,0,3,11,11,0
5,-15,36,review,1,5,2,21,38,1
5,-3,25,in_progress,1,10,2,22,57,1
1,34,0,in_progress,1,12,7,34,48,1
4,40,8,review,0,0,4,48,72,1
3,-7,53,new,1,0,0,46,59,1
3,4,34,in_progress,0,0,1,38,36,0
5,-14,20,in_progress,1,0,5,6,6,0
3,52,3,review,1,10,7,55,126,1
1,-6,56,new,1,8,5,50,68,1
3,8,4,new,1,2,8,12,18,1
3,20,20,cancelled,0,0,3,40,65,1
2,25,29,in_progress,1,9,2,54,82,1
2,17,7,done,1,2,8,24,33,1
3,-15,75,new,1,12,5,60,79,1
1,-10,20,cancelled,1,7,0,10,12,1
4,11,21,in_progress,1,2,1,32,53,1
3,3,40,in_progress,0,0,0,43,50,1
1,-15,28,done,0,0,8,13,23,1
5,-19,58,in_progress,1,5,0,39,32,0
4,6,40,review,1,5,5,46,38,0
4,10,1,cancelled,1,4,2,11,16,1
4,17,2,in_progress,1,1,6,19,34,1
2,-5,30,new,1,5,1,25,26,1
5,2,44,review,1,0,8,46,98,1
1,12,35,new,1,11,2,47,59,1
3,42,4,in_progress,1,7,2,46,43,0
5,5,28,new,1,0,3,33,55,1
2,-14,40,in_progress,1,5,4,26,36,1
3,-5,28,done,1,9,3,23,34,1
4,18,11,cancelled,1,6,5,29,29,0
3,2,8,cancelled,1,11,6,10,22,1
2,30,0,cancelled,0,0,2,30,53,1
5,12,15,review,1,3,5,27,43,1
5,-2,40,cancelled,1,5,3,38,46,1
3,-1,23,review,0,0,1,22,37,1
1,23,0,in_progress,0,0,0,23,35,1
4,-7,65,in_progress,0,0,1,58,75,1
1,-3,58,new,0,0,1,55,88,1
2,-11,26,cancelled,1,12,1,15,26,1
1,-20,72,cancelled,1,7,2,52,76,1
5,-19,28,in_progress,1,6,8,9,20,1
1,1,50,done,1,11,6,51,44,0
4,1,2,review,1,3,0,3,3,0
4,3,22,in_progress,1,7,5,25,44,1
2,18,40,new,0,0,7,58,126,1
5,16,19,review,0,0,1,35,85,1
1,7,10,in_progress,1,2,5,17,13,0
2,13,35,in_progress,1,6,3,48,68,1
4,19,0,cancelled,1,3,4,19,29,1
4,-13,60,cancelled,0,0,4,47,83,1
3,-1,31,new,1,10,3,30,37,1
5,-2,35,new,1,0,0,33,53,1
4,37,6,done,1,11,7,43,119,1
2,52,0,new,1,12,3,52,46,0
3,-10,65,in_progress,1,11,3,55,122,1
1,2,30,review,1,3,2,32,32,0
2,-1,17,in_progress,1,4,2,16,15,0
1,45,4,in_progress,1,12,7,49,73,1
3,-10,20,cancelled,1,10,1,10,20,1
2,-12,29,new,1,3,2,17,12,0
3,0,34,done,1,9,5,34,84,1
2,51,1,review,1,1,5,52,52,0
5,-3,24,in_progress,1,2,2,21,33,1
5,-20,69,in_progress,0,0,6,49,66,1
3,8,48,review,1,6,2,56,107,1
2,25,17,new,1,9,2,42,82,1
1,13,29,done,0,0,0,42,64,1
2,-3,54,review,1,12,5,51,86,1
5,7,33,new,1,11,1,40,85,1
2,15,21,done,1,2,4,36,54,1
2,2,42,done,1,3,2,44,37,0
1,-4,19,done,1,10,0,15,17,1
5,-20,36,review,0,0,6,16,41,1
5,-19,61,review,0,0,2,42,70,1
4,15,40,cancelled,1,4,6,55,65,1
2,-7,17,new,1,12,0,10,19,1
3,10,21,cancelled,1,5,5,31,23,0
3,-13,68,in_progress,1,3,8,55,51,0
4,38,2,review,0,0,5,40,71,1
3,30,22,review,0,0,5,52,113,1
1,-9,39,cancelled,1,12,3,30,33,1
4,-2,5,cancelled,1,7,8,3,6,1
3,4,16,done,0,0,3,20,35,1
1,17,18,new,1,11,1,35,52,1
1,17,5,cancelled,1,7,4,22,22,0
3,14,22,done,1,4,8,36,58,1
2,-19,43,in_progress,1,4,7,24,30,1
5,28,16,new,1,10,7,44,63,1
3,7,19,new,1,1,6,26,37,1
4,40,1,new,1,7,4,41,92,1
4,31,16,done,1,0,2,47,72,1
2,-4,54,cancelled,1,9,3,50,41,0
4,-7,33,in_progress,1,8,0,26,44,1
5,21,36,cancelled,1,6,3,57,101,1
5,-11,17,in_progress,0,0,7,6,16,1
4,21,5,cancelled,1,2,7,26,23,0
5,32,27,review,0,0,4,59,154,1
1,-7,62,in_progress,1,2,7,55,57,1
1,33,22,review,1,4,3,55,24,0
2,-7,35,review,1,1,2,28,31,1
5,3,22,new,1,9,1,25,39,1
2,12,39,in_progress,1,8,0,51,75,1
4,11,45,review,1,1,4,56,98,1
4,13,25,review,1,4,1,38,49,1
3,8,37,in_progress,1,11,1,45,94,1
2,-14,18,cancelled,0,0,3,4,5,1
3,14,6,cancelled,1,4,0,20,23,1
2,6,11,review,1,8,8,17,17,0
2,-20,29,cancelled,1,4,8,9,14,1
4,30,5,cancelled,0,0,8,35,64,1
1,-18,64,cancelled,1,6,0,46,32,0
5,14,8,in_progress,1,5,5,22,24,1
5,6,51,done,1,9,8,57,154,1
3,27,19,review,1,6,2,46,84,1
4,-20,24,cancelled,0,0,1,4,4,0
5,29,25,done,0,0,5,54,127,1
2,-12,16,done,1,9,0,4,7,1
5,-6,55,review,0,0,8,49,60,1
5,-6,26,in_progress,1,1,8,20,24,1
5,-13,22,review,0,0,7,9,18,1
2,-7,15,new,1,4,3,8,6,0
1,-9,52,in_progress,1,0,7,43,35,0
3,8,31,cancelled,1,7,8,39,62,1
2,-16,30,done,1,6,3,14,18,1
4,8,27,done,1,11,1,35,38,1
1,8,51,new,1,2,0,59,40,0
1,21,8,cancelled,1,8,6,29,30,1
4,24,4,review,1,3,8,28,27,0
5,-5,19,new,1,7,3,14,31,1
2,-2,23,in_progress,1,9,1,21,31,1
3,54,1,review,1,3,2,55,40,0
4,-8,40,new,1,0,5,32,33,1
1,-18,38,review,1,2,6,20,25,1
4,-10,66,review,1,4,7,56,61,1
5,-9,16,review,1,8,3,7,7,0
5,-7,12,review,1,8,1,5,10,1
3,14,42,review,1,4,6,56,63,1
5,-18,48,new,1,10,7,30,65,1
3,8,1,cancelled,1,4,2,9,6,0
3,24,33,done,1,8,3,57,59,1
2,-2,55,in_progress,1,4,2,53,56,1
2,12,4,new,1,2,0,16,11,0
4,-8,30,cancelled,0,0,5,22,24,1
4,8,3,in_progress,1,7,1,11,21,1
1,25,17,done,1,10,3,42,62,1
4,4,24,new,1,0,8,28,50,1
5,-10,44,in_progress,0,0,2,34,39,1
2,-18,24,in_progress,1,2,8,6,8,1
2,-18,55,review,1,9,4,37,45,1
1,12,34,new,1,8,7,46,60,1
3,0,30,in_progress,0,0,2,30,43,1
1,5,29,in_progress,1,0,1,34,28,0
5,4,6,new,0,0,8,10,15,1
5,39,5,review,1,2,2,44,67,1
2,-12,70,cancelled,0,0,4,58,90,1
4,-13,24,in_progress,1,3,2,11,18,1
4,-19,48,in_progress,1,6,0,29,63,1
3,0,42,review,0,0,8,42,47,1
2,-11,24,in_progress,1,5,5,13,9,0
3,16,44,review,1,6,6,60,110,1
2,-20,31,in_progress,1,0,3,11,6,0
2,2,4,new,1,4,7,6,7,1